,Cer 38:1;2,Cer 40:1;2,Cer 40:2;2,Cer 42:1;2,Cer 42:2;2,DAG 14:0;0-18:1;0,DAG 16:0;0-16:0;0,DAG 16:0;0-18:1;0,DAG 16:0;0-18:2;0,DAG 16:1;0-18:1;0,DAG 18:1;0-18:1;0,DAG 18:2;0-18:0;0,DAG 18:2;0-18:1;0,DAG 18:2;0-18:2;0,DAG 18:3;0-18:1;0,LPC 14:0;0,LPC 16:0;0,LPC 16:1;0,LPC 18:0;0,LPC 18:1;0,LPC 18:2;0,LPC 18:3;0,LPC 20:3;0,LPC 20:4;0,LPC 20:5;0,LPC 22:6;0,LPE 14:0;0,LPE 16:0;0,LPE 18:0;0,LPE 18:2;0,LPE 20:4;0,LPE 22:5;0,LPE 22:6;0,PC 16:0;0-14:0;0,PC 16:0;0-16:0;0,PC 16:0;0-16:1;0,PC 17:1;0-16:0;0,PC 18:0;0-16:0;0,PC 18:0;0-18:1;0,PC 18:0;0-18:2;0,PC 18:0;0-18:3;0,PC 18:1;0-14:0;0,PC 18:1;0-15:0;0,PC 18:1;0-16:0;0,PC 18:1;0-16:1;0,PC 18:1;0-18:1;0,PC 18:1;0-18:2;0,PC 18:2;0-14:0;0,PC 18:2;0-15:0;0,PC 18:2;0-16:0;0,PC 18:2;0-16:1;0,PC 18:2;0-17:0;0,PC 18:2;0-18:2;0,PC 18:3;0-16:0;0,PC 20:1;0-16:0;0,PC 20:2;0-16:0;0,PC 20:2;0-18:0;0,PC 20:3;0-16:0;0,PC 20:3;0-17:0;0,PC 20:3;0-18:0;0,PC 20:3;0-18:1;0,PC 20:3;0-18:2;0,PC 20:4;0-16:0;0,PC 20:4;0-17:0;0,PC 20:4;0-18:0;0,PC 20:4;0-18:1;0,PC 20:4;0-18:2;0,PC 20:5;0-16:0;0,PC 20:5;0-18:0;0,PC 22:4;0-16:0;0,PC 22:5;0-16:0;0,PC 22:5;0-18:0;0,PC 22:6;0-16:0;0,PC 22:6;0-18:0;0,PC O- 16:0;0-16:1;0,PC O- 16:0;0-18:1;0,PC O- 16:0;0-18:2;0,PC O- 16:0;0-20:3;0,PC O- 16:0;0-20:4;0,PC O- 16:0;0-22:4;0,PC O- 16:0;0-22:5;0,PC O- 16:1;0-16:0;0,PC O- 16:1;0-18:0;0,PC O- 16:1;0-18:1;0,PC O- 16:1;0-18:2;0,PC O- 16:1;0-20:3;0,PC O- 16:1;0-20:4;0,PC O- 16:2;0-16:0;0,PC O- 16:2;0-18:0;0,PC O- 17:0;0-17:1;0,PC O- 17:0;0-20:5;0,PC O- 17:1;0-20:4;0,PC O- 18:0;0-16:1;0,PC O- 18:0;0-18:2;0,PC O- 18:0;0-20:4;0,PC O- 18:1;0-16:0;0,PC O- 18:1;0-18:1;0,PC O- 18:1;0-18:2;0,PC O- 18:1;0-20:3;0,PC O- 18:1;0-20:4;0,PC O- 18:2;0-16:0;0,PC O- 18:2;0-18:0;0,PC O- 18:2;0-18:1;0,PC O- 18:2;0-18:2;0,PC O- 18:2;0-20:4;0,PE 16:0;0-18:1;0,PE 16:0;0-18:2;0,PE 16:0;0-20:4;0,PE 18:0;0-20:4;0,PE 18:1;0-18:0;0,PE 18:1;0-18:1;0,PE 18:1;0-20:4;0,PE 18:2;0-18:0;0,PE 18:2;0-18:1;0,PE O- 16:1;0-18:1;0,PE O- 16:1;0-18:2;0,PE O- 16:1;0-20:4;0,PE O- 18:1;0-18:2;0,PE O- 18:1;0-20:4;0,PE O- 18:2;0-18:1;0,PE O- 18:2;0-18:2;0,PE O- 18:2;0-20:4;0,PI 18:0;0-16:1;0,PI 18:0;0-18:1;0,PI 18:0;0-18:2;0,PI 18:1;0-16:0;0,PI 18:1;0-18:1;0,PI 18:1;0-18:2;0,PI 18:2;0-16:0;0,PI 18:2;0-18:2;0,PI 20:4;0-16:0;0,PI 20:4;0-18:0;0,SE 27:1;0-14:0;0,SE 27:1;0-15:0;0,SE 27:1;0-16:0;0,SE 27:1;0-16:1;0,SE 27:1;0-17:0;0,SE 27:1;0-17:1;0,SE 27:1;0-18:1;0,SE 27:1;0-18:2;0,SE 27:1;0-18:3;0,SE 27:1;0-19:2;0,SE 27:1;0-19:3;0,SE 27:1;0-20:2;0,SE 27:1;0-20:4;0,SE 27:1;0-20:5;0,SE 27:1;0-22:6;0,SM 32:1;2,SM 34:1;2,SM 34:2;2,SM 36:1;2,SM 36:2;2,SM 36:2;4,SM 38:1;2,SM 38:2;2,SM 40:1;2,SM 40:2;2,SM 42:2;2,ST 27:1;0,TAG 42:0;0,TAG 44:0;0,TAG 44:1;0,TAG 45:1;0,TAG 46:0;0,TAG 46:1;0,TAG 46:2;0,TAG 47:0;0,TAG 47:1;0,TAG 48:0;0,TAG 48:1;0,TAG 48:2;0,TAG 48:3;0,TAG 49:1;0,TAG 49:2;0,TAG 49:3;0,TAG 50:1;0,TAG 50:2;0,TAG 50:3;0,TAG 50:4;0,TAG 50:5;0,TAG 51:1;0,TAG 51:2;0,TAG 51:3;0,TAG 51:4;0,TAG 52:2;0,TAG 52:3;0,TAG 52:4;0,TAG 52:5;0,TAG 52:6;0,TAG 53:2;0,TAG 53:3;0,TAG 53:4;0,TAG 54:2;0,TAG 54:3;0,TAG 54:4;0,TAG 54:5;0,TAG 54:6;0,TAG 54:7;0,TAG 55:3;0,TAG 56:2;0,TAG 56:3;0,TAG 56:4;0,TAG 56:5;0,TAG 56:6;0,TAG 56:7;0,TAG 56:8;0,TAG 58:6;0,TAG 58:7;0,TAG 58:8;0
control_01,0.116796,0.785783291,0.149403,1.853015349,1.332552002,NA,NA,3.13781007,2.150068499,1.352418429,10.6386151,NA,8.10004139,2.469033162,2.313600763,0.612718283,45.89341619,1.511008325,10.21013067,11.47567937,15.70977208,NA,1.300434007,6.741198139,0.910267886,0.939148647,NA,0.411272042,0.515929607,0.922403933,1.803904898,0.153602,0.611232857,2.033452679,6.037014687,10.45892172,25.65407431,18.60240012,NA,109.3222983,1.221303586,3.036990883,3.10677,199.9420922,5.743144289,15.59659799,30.29279782,2.043477435,26.2165212,273.0675494,4.181258912,21.64919245,16.42034594,5.915606359,NA,6.056914494,NA,45.63148852,3.699193315,20.57736882,10.99134126,5.258203816,181.5253867,21.95301617,87.25318784,26.55002889,5.552054779,26.56830332,10.37964588,7.788340897,33.61576543,12.85023957,36.58563619,11.2091,1.258829571,2.143140576,2.838754892,1.29919661,7.956430199,0.325026,1.252715396,1.866194205,0.335299101,0.187350276,3.256665104,0.925515656,6.098403343,NA,0.207548378,0.059362775,NA,NA,NA,0.930294635,3.265961158,1.212286407,0.235963717,1.372966184,0.884375943,9.683309527,0.973278813,0.23371082,0.775370462,2.6105468,5.506634373,0.512717446,0.448754821,2.755937831,6.107243968,NA,0.247878844,1.80033,2.378125276,0.257938945,0.367092,0.565533957,2.940990225,1.128066471,4.700496367,0.337310903,0.91029636,4.047061781,0.823405476,0.782212286,1.605496492,0.467087083,0.344495877,0.34058004,0.653727913,1.352720581,1.898718191,13.12615695,23.80893541,6.353228592,301.8427813,153.9324149,4.409079292,13.01259315,881.1901238,1886.874075,127.798567,6.287382154,4.127972036,4.535525245,436.1218576,82.72665062,21.46995775,4.346368702,37.07394885,4.880157802,5.78668309,2.247997506,0.632794812,5.101225992,1.764129811,8.142442179,6.600833075,18.58754989,1032.851671,NA,NA,NA,NA,NA,2.591529483,2.087817318,NA,NA,NA,13.83579496,13.3093851,4.60504587,2.460449111,2.670204924,0.931504714,37.66526911,82.15480014,40.83012646,9.834065136,1.751863699,1.042907134,9.104312549,5.848723898,2.412613719,225.4675408,237.9737344,97.05332517,21.84424631,3.792886139,5.610389372,5.937817696,3.339158295,NA,66.94288271,69.74340966,46.10982257,22.53193666,5.764860124,NA,1.004009994,1.359629486,4.262858761,12.54346103,25.530283,16.18307095,6.067682847,1.349442401,1.797757801,3.527393743
control_02,0.163807,0.936609509,0.156897,2.194659117,1.251494308,1.066424863,NA,5.382072416,2.18440986,1.461112332,11.16423061,0.406371687,7.730087242,1.291670793,2.133500015,0.436017211,30.0864427,0.872534714,8.77945797,8.009469498,10.73249604,NA,0.603101558,2.319331754,NA,NA,NA,0.246429859,0.277237847,0.826086014,0.882358331,NA,0.388111029,2.537309775,7.694180542,11.36473565,24.06035872,27.04519236,1.91235,207.1696965,1.56973811,3.41156866,3.12818,233.6233246,4.548357485,25.34708896,47.94910965,3.541171327,46.77486606,371.9991648,4.201476208,26.03212743,26.17732483,6.355208708,0.04234,6.884600203,NA,49.31520355,3.933851527,28.75272895,8.868064256,5.485011632,125.5135255,16.05646663,81.56995908,15.20924672,6.44723677,12.70087137,3.732008318,6.579183184,15.63360729,6.990926457,42.37585191,28.301901,0.488454113,2.499075099,4.789594986,1.111933379,6.520072032,0.238731,0.96612047,2.284403878,0.358079149,0.27397351,3.479032063,0.902440579,6.494059705,NA,0.176316376,0.07430399,NA,NA,0.036053035,1.042087842,3.024258957,1.224609046,0.245497052,1.926089588,1.286292575,10.00176351,1.386804316,0.249388333,0.778482159,4.342069776,8.664089557,0.854423174,0.907636215,2.40117942,5.554375223,1.982335359,0.584633454,0.202046,3.80551585,0.625538902,NA,1.100549615,2.935526969,1.742371217,5.104099447,0.346652742,1.736964404,3.85020215,1.240801296,2.390704683,2.85564277,1.673574814,0.795388659,0.428702246,1.159290433,2.344907052,1.703700598,17.82807973,22.90311421,6.49108151,317.7574723,97.636548,5.591688449,9.608684151,732.7523078,2294.363001,80.55817844,NA,NA,5.11258748,343.9692623,34.09471795,27.21367404,4.433197286,42.54026346,6.875023386,7.365438418,3.741965563,1.660230606,5.834599867,2.084675744,11.18766609,6.869192625,21.24381453,1185.399553,NA,NA,1.441103132,NA,4.156370578,7.027466862,3.257850524,NA,1.197764208,NA,37.77118212,23.92708544,5.775964188,5.930835758,3.844727593,1.006112435,89.59414941,110.1129735,42.83162885,8.743613767,1.678759057,4.809814722,12.16628675,5.802749158,1.703154328,326.2767472,241.5693383,71.251627,13.46766071,2.413666768,7.409391008,6.288048247,2.69464518,46.36310417,94.36762205,57.05063508,33.86874572,14.56486477,3.334177885,1.11282,1.656623626,1.420379449,2.568476553,9.257783557,14.54036786,10.46809737,4.717651164,NA,1.213872405,2.496096457
control_03,0.175945,0.894446481,0.19098,2.637757562,1.946674991,NA,NA,2.121722417,0.978279895,0.379705992,3.897192543,0.1096594,3.689130525,0.768008724,1.146820372,NA,41.95577214,NA,7.375864086,9.864917579,13.590201,NA,NA,3.033372604,NA,NA,NA,0.603094933,0.588190493,1.060442754,1.584916289,NA,1.074942424,2.355214775,17.761359,11.20431468,29.65944419,29.58463915,NA,150.9921983,1.124654818,3.409117031,3.37874,329.5135167,5.688688893,25.51307359,58.33010304,2.684496725,53.68588721,550.0851469,5.234872221,38.45155916,23.50792859,8.641893545,NA,7.968836883,1.22156,48.04746584,NA,9.746825348,7.817901713,4.239593414,148.6986379,13.2058592,51.31794587,17.42898693,5.588424488,23.21467166,3.339980358,6.963625304,22.63523579,8.18958089,35.57092111,NA,1.204886741,4.671673576,5.280076053,1.349781335,7.89063863,0.182087,1.482445254,5.432650479,0.257685648,0.399199547,7.133493292,0.874211021,8.115690577,NA,0.112185724,0.078606103,NA,NA,0.13867867,1.42934276,3.341418194,3.110722471,0.407994419,3.659924084,0.980740871,15.47134209,1.838067801,0.258724165,1.481136846,4.336148313,5.798854559,NA,NA,1.19501918,2.591836682,NA,0.093105854,0.521724,1.479810617,NA,0.713679,1.455357936,2.619488142,2.557633361,4.354188064,0.368848041,1.290772953,3.757434226,0.977893859,1.206588763,2.572272426,0.717133707,0.572572205,NA,0.870791117,3.205954893,1.564376807,13.83658478,19.41535395,7.419643906,427.1101398,132.3068095,6.126389544,11.08927175,1037.659558,3222.52235,112.9183759,15.25098228,6.037805625,9.497329659,414.4697644,53.02432772,26.19848146,5.675971849,64.2988958,8.555822101,11.98693368,4.756624137,1.48886498,7.494738285,3.09870011,10.22294545,9.375039384,29.8229759,1512.341892,NA,NA,NA,NA,NA,NA,NA,NA,NA,NA,4.211013789,3.33654217,0.776556856,1.058772718,0.654303923,NA,23.03125178,29.68728825,11.88601253,2.678632781,NA,NA,2.548669999,1.904209149,0.827359046,99.10569131,115.7073547,42.81085604,8.631553382,0.871851184,1.712016626,2.034017005,NA,NA,30.48536802,31.28200182,21.06031075,11.38141073,2.674300135,NA,0.380480125,0.786364879,NA,8.505477997,14.73939912,9.631209215,4.641693232,NA,1.090015102,2.911168627
control_04,0.144654,0.896139648,0.131244,2.341878327,1.294831865,NA,NA,3.9616688,4.76699995,1.449991691,8.136205131,NA,11.19887025,5.603533982,2.5886417,NA,29.86277016,0.753474649,6.063855591,4.852058941,8.09373197,NA,NA,3.88217537,NA,NA,NA,0.303832398,0.356247589,0.669677769,1.08335348,NA,0.655492107,1.694658896,10.20095184,9.662160521,20.71612358,24.58451481,NA,135.6485608,0.610708006,2.198678143,2.75433,183.3845368,4.699418131,12.72214403,27.32607411,4.769600676,45.57527856,410.4386095,4.678406068,26.38112685,18.07276592,5.660109441,NA,6.646895937,1.00769,42.30517697,2.633498944,NA,10.44627082,3.240915413,261.6386179,25.67025262,122.2075722,23.71723926,6.324066902,16.04068842,4.541501562,8.562701983,25.85354167,7.518020851,66.43766764,26.068501,1.338952455,2.378144399,2.713752957,NA,7.324475875,0.222443,1.384086221,3.698544925,0.378458588,0.165149328,4.37543464,0.710881107,7.655590474,NA,0.134635157,0.061974596,NA,NA,0.086513359,0.725784488,5.023877718,1.238781894,0.134957435,NA,1.545503045,11.29145218,0.967272494,0.146220271,NA,1.983742484,5.662293975,0.418334397,0.393670572,1.836725847,4.840003555,NA,0.259300752,1.02548,1.603073029,NA,NA,0.517820534,2.84856762,1.132749273,5.565162755,0.115083749,NA,3.29788769,NA,0.244394069,1.856672922,0.792232617,0.227210577,NA,0.703937213,2.254006787,1.342236511,13.33354034,20.58750213,7.590100928,335.8632555,120.5619073,5.78394959,9.359415517,576.1616597,2410.43295,90.83625345,10.5596211,7.110660661,7.311752954,562.7215814,67.68417778,35.43830937,6.249364173,45.49421702,8.131047733,9.452100987,4.374357466,1.36480518,6.57649381,2.617703234,9.352361189,8.287845391,16.864715,1213.322247,NA,NA,NA,NA,NA,1.700842949,1.653894137,NA,NA,NA,13.2558243,11.22294959,3.918953528,2.905883479,2.954204051,0.690230487,53.74167953,87.0676349,41.23373066,9.651346283,1.340384379,1.671945873,6.7560011,6.058733882,2.893310365,169.6287108,281.0722308,132.7167495,21.25649817,3.227272354,3.480448188,4.995412688,3.522378182,1.412655179,49.4898844,71.52910612,56.47680883,28.2384798,5.69282712,1.0459,0.959358063,1.519311172,2.13360774,12.46793564,23.64509251,18.54207261,9.912880063,NA,2.308715779,4.259430115
control_05,0.172092,1.056511613,0.248504,2.143355453,1.634635684,NA,NA,1.443762631,NA,NA,5.76352064,NA,4.747002548,1.006881013,1.849711241,0.742048369,55.08955018,1.750278039,12.1074769,17.43498703,30.44878681,0.894891313,2.145520778,6.125619553,NA,1.060108836,NA,0.448680447,0.54640778,1.732617806,1.862536556,NA,0.693955784,2.75668807,7.845449941,10.3757264,24.73381038,29.98054895,NA,161.1979101,2.288653335,2.811019512,3.30696,235.0492283,6.680900814,27.7489187,70.40102358,10.47620038,37.88553639,407.6473829,6.417082891,26.95795357,36.89539254,10.92088435,NA,7.386207191,NA,78.4636983,6.238562396,36.06500817,14.01446902,9.728754172,141.4435191,18.77003379,65.02515514,22.40162537,8.420667158,14.70346129,4.178534504,8.438771732,24.11905103,13.72821721,35.08060145,15.6081,0.889880682,3.280278184,4.261305734,1.465233363,9.313435399,0.29317,1.229789476,3.042515493,0.580178381,0.205889792,4.887620943,1.229476064,NA,NA,0.248453194,0.077877677,NA,NA,0.086356321,0.878343415,4.776504913,1.581203707,0.232347456,2.454505713,2.214624029,13.5519994,1.055396698,0.162100499,1.202472589,5.000466841,6.322000813,0.666880465,0.311789116,1.769454959,5.603717115,0.992223896,0.800344871,1.65477,1.921824508,0.896956128,0.418716,1.106912608,4.243599615,1.80159237,7.220531826,0.398350383,1.131648622,5.036888506,1.565105532,2.311111102,3.076085879,1.310002229,1.385938687,1.621611629,0.920330875,3.042004004,1.680635388,14.99731911,27.96327107,7.689071551,309.2546219,166.5794736,5.814107461,13.92899509,906.515563,2411.421493,104.0539968,8.011407946,NA,5.750898724,352.2700911,43.74541966,20.81557426,5.389303832,38.73015409,5.320774034,6.746364829,2.886982605,1.205584459,5.756038892,1.796531584,7.756852974,6.935628527,15.94806477,1095.500284,NA,NA,NA,NA,NA,1.157712366,0.520877771,NA,NA,NA,5.656146872,4.414082707,1.753517908,0.926480854,0.912592519,NA,14.95257345,26.09613086,14.4295937,5.298935063,NA,NA,3.416074534,2.137728724,1.284463857,101.9533907,110.1399565,50.17497277,14.1940034,2.594158308,2.449057426,2.927450831,1.80025605,NA,51.02929735,50.07774478,37.61819478,19.18693871,5.998800017,NA,0.667028363,1.517272021,3.326505497,8.688892949,13.90390104,10.05146534,4.717125999,0.888118062,1.336900139,2.948781389
control_06,0.140719,0.684779665,0.151503,1.686083663,1.041624181,NA,NA,1.858876549,0.988860626,0.640632661,4.246703486,0.168852347,3.855888412,0.955203835,1.191048533,NA,43.35233123,1.217693943,10.51105322,10.49944253,16.51880178,NA,0.840058373,4.82407194,NA,0.663267933,NA,0.433733087,0.588311156,0.905144612,1.633239918,0.160422,0.584819034,2.806512109,10.8496492,8.212916374,23.45673456,27.84567072,NA,166.5365902,0.808791673,2.77313575,2.94291,225.3871044,5.572976249,19.0164567,41.40979103,9.751212667,47.55925107,412.7841361,4.660278745,29.61369695,27.59202604,5.824344619,NA,8.79168885,1.30314,47.53226381,2.738383879,12.40552249,11.21103457,6.345225005,206.3449316,27.78242415,106.9151822,26.56078954,8.488036924,11.60750998,3.78649622,12.79714549,38.14091886,20.19970349,49.49551576,14.2066,1.413833784,2.77810917,5.98074104,1.276042053,14.4758532,0.300218,1.801145533,4.079437736,0.44850053,0.370807003,6.836234407,1.154837704,9.594438129,3.415689208,0.298464032,0.059638268,1.400262911,2.542024535,0.168340327,1.378941795,6.148981146,1.603212737,0.347957455,2.046607326,1.880166271,19.50754996,1.641737483,0.277453355,0.870153253,4.517972071,6.937322854,0.497401371,0.3504358,2.297157952,6.826277523,0.926970367,0.379487208,1.46531,1.798936462,NA,0.410261,0.873708157,5.767621814,1.326330828,8.717972136,0.338431223,0.833122527,5.865417969,0.920961449,1.045272596,2.397967333,0.757201459,0.59377512,NA,0.864947517,2.766849651,1.884234231,19.64959121,18.84453034,6.908958234,376.9597169,114.388067,7.024296636,11.01496483,854.1975214,2859.435266,82.04910368,9.176126538,4.939624036,6.344100733,605.2548842,40.21238739,33.2606776,6.194459519,46.68979654,7.782795452,8.385109153,4.052277485,1.8644166,7.989635246,2.440863113,11.10178837,12.12434914,24.53348495,1301.978578,NA,NA,NA,NA,NA,NA,NA,NA,NA,NA,5.857043926,4.224644077,1.16851026,1.114870568,1.099762432,NA,18.73151667,30.30240785,14.36966475,3.06972531,NA,NA,3.05738151,2.09145419,NA,89.88084293,97.53202026,35.02032356,7.502316766,1.093304363,1.893351816,2.012272125,0.985748087,NA,21.4181057,21.23977532,15.96148443,8.122430365,1.861841144,NA,NA,NA,NA,4.946872508,10.75060617,6.053305627,2.482036413,NA,0.716024398,NA
control_07,0.106121,0.671644796,0.122209,1.724686816,1.168067287,NA,NA,2.109701255,1.081633178,0.379381352,4.547381476,NA,5.399426548,1.584134821,1.826024793,0.683783244,49.25450147,1.320191474,12.85917455,16.91806766,44.45918771,0.743324441,1.495903314,8.007511215,NA,1.367032809,NA,0.501412721,0.599837137,2.046136825,1.549053469,NA,0.568716907,2.764072099,9.325844673,5.293344181,17.66882112,30.98550735,NA,183.1356628,1.641074998,2.194972966,2.0625,139.0462543,3.817557155,22.86058536,62.31733586,9.585667902,47.11911125,416.4731268,5.122088285,32.99170322,44.17889103,9.678658071,NA,6.320377786,1.94874,39.12606433,4.627783497,3.621322498,8.244612284,6.269627932,150.9849398,19.91746964,72.36749,23.40324326,8.753198122,15.49258552,4.458221172,7.930724134,22.0381645,10.85556712,37.34603362,15.9474,0.660932023,3.445766637,3.776496545,0.668708129,12.30785133,0.725494,1.234602315,3.473402365,0.598707838,0.215988996,6.270490032,0.983286485,8.749704935,3.898546238,0.203677807,0.064555307,1.471125776,2.045680897,NA,1.395927512,4.902997388,1.912318683,0.267193153,1.761002355,1.382794482,16.59339455,1.167838686,0.223717535,0.676019303,4.603154064,9.700476296,0.505247492,0.552959048,1.56728661,4.813307575,0.791581719,0.573493651,1.30009,2.565926766,0.93968302,0.729562,1.567101422,6.149408368,2.835290942,9.911516838,0.754514896,2.156276014,8.304831275,NA,1.757515235,3.182298409,1.90822095,1.020278659,1.863071364,0.975996667,NA,NA,13.90597101,18.22617805,6.345668717,312.7218113,71.02596825,7.174294547,8.844891899,625.3066977,2693.646522,99.65923582,NA,7.405717783,9.190761069,419.0096809,46.51102911,26.10858983,5.405677423,49.58870504,6.360060442,6.667447092,2.939846375,1.42437171,5.786847117,1.663050309,8.82176927,8.345170599,20.62925892,1090.501342,NA,NA,NA,NA,NA,1.353473337,NA,NA,NA,NA,6.291743586,5.997509766,2.405725431,1.485850994,1.411944678,NA,19.63455951,31.24292089,19.63086053,6.290111985,1.623716146,NA,4.367319322,3.572364988,2.296284509,102.0185698,131.3035179,65.40206682,17.61562056,3.458224742,2.711758732,3.452963194,2.119153254,2.801731767,40.5364769,46.23567198,36.37125141,19.36303635,5.343209246,0.756589,0.848574824,1.308232112,2.493990713,6.593541363,13.40046153,9.292307207,4.911472793,NA,0.926755182,1.849751536
control_08,0.115924,0.68951589,0.159459,1.601865395,1.220059006,NA,NA,1.667735858,NA,NA,2.508815509,0.089296306,1.992540482,NA,NA,0.912748193,39.13332649,1.232730793,7.162229502,11.26939383,19.57016199,NA,0.867985322,4.187484163,1.493243764,NA,NA,0.460724776,0.413015038,0.872146326,0.882291215,NA,0.70561481,3.348645107,9.699578336,7.271619791,27.22391402,26.25883752,NA,132.1112093,1.688829223,2.906688491,3.2383,175.804876,4.307087765,16.8319763,47.19798693,12.04855149,50.81109373,392.8023266,4.660790575,31.53082364,30.33816674,9.091742616,NA,5.600771176,NA,43.30028879,5.76168525,12.66291605,7.533778028,5.776744971,125.568764,17.7725757,47.46821216,16.96989624,7.389140275,46.10113172,9.248397341,6.331079103,17.10900267,5.655501638,41.77660627,14.9162,0.922241945,3.008892947,5.031954154,1.126744682,12.11427974,0.311638,1.20124015,3.363169659,0.158540027,0.23873425,5.670998775,1.230781619,8.588366926,NA,0.230949492,0.09206386,1.947341112,0.775622174,0.041057371,1.325062466,5.788342405,1.534984743,0.33136494,2.383453264,2.257966558,16.80349057,1.510071314,0.199312335,0.415324788,4.099133033,6.55925267,NA,NA,2.178863078,5.681030327,0.752016469,0.299235373,NA,1.612249366,NA,0.538782,1.17594281,5.250921498,2.292711973,9.675835603,0.580097111,1.924563371,7.105425661,1.201325041,1.715781505,2.788227253,1.048306428,0.587580327,1.249793449,0.873182337,NA,NA,9.247799744,33.15484943,11.36633738,343.7105114,108.8832638,6.910155009,14.07894113,697.0529812,2541.371815,98.57881893,NA,NA,3.784484464,337.1388526,60.78615587,25.78604534,5.695174053,43.23893774,5.633017426,6.403252944,3.062069754,1.291970842,5.356116253,1.784449917,8.490561409,7.140258321,17.44836163,1113.489376,NA,1.324508495,NA,NA,NA,1.412481138,NA,NA,NA,NA,4.895772964,3.59582466,1.665161521,1.024045478,1.011985051,NA,9.977908801,15.95621249,9.066203895,3.08509171,1.022777585,0.653515382,2.146724401,1.811050825,NA,38.2848429,44.99936006,16.46685841,5.738514587,2.401307936,1.519453918,1.546465397,0.983836731,5.499358305,11.8245246,11.24778135,9.45286633,9.101924583,4.55192676,NA,0.733133721,0.918730311,1.690557531,3.87021166,6.192573621,12.98536478,7.577937546,NA,1.040809601,4.284787789
control_09,0.111168,0.403749413,0.098225,0.865028659,0.73419672,NA,NA,1.954143203,0.38145696,1.089581047,6.80767688,NA,2.939283513,0.318174624,1.140149586,NA,23.54156476,1.483957606,5.808231487,7.892732788,8.322807825,NA,1.274486183,3.609627761,NA,NA,NA,0.253323874,0.316238473,0.423553228,0.885260788,NA,0.481232046,NA,4.192063413,5.906722417,18.83513935,18.08410469,3.01562,80.08983671,1.121083958,1.782256281,2.6509,162.1980936,4.503847941,13.44780738,22.27001787,NA,8.024154027,150.5153016,2.190526999,21.64993311,8.039245416,3.680406806,0.155936,4.00152835,NA,29.67934731,4.012469266,16.61538678,8.134728124,2.524394567,99.25606128,15.96160192,63.53586825,18.34362322,3.821155547,13.71000301,5.797964907,4.819476956,13.83675062,7.010667359,28.97107707,17.3008,0.598917587,1.8761732,1.928503023,0.743603552,5.507647044,NA,NA,1.434880997,0.457441589,0.188070694,1.830491103,0.661306949,NA,NA,0.236006652,0.044192627,NA,NA,0.038277872,NA,2.566664575,0.805526878,NA,1.047482043,0.847826445,7.167552058,0.812432183,NA,0.670291797,1.622897213,5.647782892,0.839451071,NA,2.261520331,5.503370218,1.196264674,0.4958284,1.93833,1.040965784,0.315771275,0.482998,0.499336264,4.136998199,0.809374335,7.601286484,0.363373452,NA,4.921855214,NA,0.824106614,0.6002537,0.786210407,0.210924732,0.74099281,0.193065283,NA,NA,9.727318407,8.156038801,3.063229877,164.464438,81.81034956,2.581863537,6.518211956,539.9510271,1104.684144,48.97250269,NA,NA,2.483247887,285.4195794,41.05438353,22.02382955,2.7814418,25.91541315,3.953933419,6.116374953,3.103078103,NA,4.564573261,1.934954892,5.299457564,6.107322119,14.89902791,635.5559159,NA,NA,NA,NA,NA,0.941789362,NA,NA,NA,NA,5.986996115,6.927102863,2.078358514,0.924302981,0.978549232,NA,11.55858229,42.89754295,16.78711169,4.344087754,1.177352697,NA,4.641160944,2.389013465,NA,137.2250339,93.1897525,29.44170017,8.866992501,2.072694478,4.275896731,3.612980767,1.614400809,3.052541161,50.96517213,30.74085193,21.64458554,9.683646023,2.961868382,0.64908,NA,1.229584262,1.870200914,11.52827057,13.34809159,8.74418585,4.434539577,NA,1.196973451,3.598758444
control_10,0.08449,0.415599137,0.058183,1.038601965,0.84416132,NA,NA,1.104512789,0.490045991,0.612667013,4.747227971,0.068679197,3.720653207,0.766267486,1.179810929,NA,39.23810632,1.227153179,7.418386078,10.91897839,14.75506355,NA,0.510130989,3.984719379,NA,0.577991943,NA,0.324047731,0.42173631,0.706514041,1.07825012,NA,0.446682823,NA,6.024618137,3.986913823,11.22403649,17.15822745,NA,79.57831683,0.574025052,0.791347969,1.43184,131.4623328,4.393233307,14.95602697,30.48910626,NA,10.07389185,220.0918326,3.049687452,11.24086247,14.43612179,3.973978386,NA,5.20419517,1.3436,26.33631476,2.637957243,4.678019086,6.820596076,NA,106.2444266,9.913408211,47.8373219,17.82236663,5.099575738,11.95122077,4.172040967,5.656408426,14.25874797,4.742802994,31.0145123,6.5021,0.424951198,2.05529438,4.084244535,0.863465133,10.84049894,0.158489,NA,2.588004639,0.434199825,0.235215567,2.871803353,0.777273528,6.777987543,NA,0.260092615,0.014395163,NA,NA,0.070355442,0.759366592,2.845883376,1.208178458,0.277509702,1.550609991,1.221170339,13.85569831,1.257346256,0.180621496,0.656276762,3.016637277,8.14563551,0.490307583,0.196631453,1.89882205,6.054317336,0.670005733,0.290454386,1.58552,1.307105682,0.288440652,0.345847,0.661990465,5.691045671,1.041914917,7.114752397,0.350043484,0.511081881,5.559880231,NA,0.762649736,1.744678876,0.779783996,0.347835745,0.495289421,0.39450976,2.603577579,1.140909467,13.82043297,5.69535262,1.244493896,207.7555227,87.41893913,1.40602313,4.764316993,687.4353888,1471.793216,45.91175253,NA,NA,3.680241686,291.3833233,34.64780784,17.0696243,1.882674486,33.41256558,4.502441958,4.965277644,2.199743321,0.871331131,3.384634157,1.264417184,6.503007192,4.475980203,18.65650786,778.0165123,NA,NA,NA,NA,NA,NA,NA,NA,NA,NA,2.155086861,2.587710717,0.717603505,NA,NA,NA,7.430315535,23.15300049,12.12175398,2.822692776,NA,NA,2.039419838,1.282805506,0.821978143,95.29789938,97.8914833,36.53990937,7.76172972,1.013947513,1.381313339,1.806433285,0.923412782,NA,33.07875052,32.38718512,20.32275742,9.042075842,2.262174574,NA,NA,0.878927992,1.910332921,4.176109675,7.452599521,5.462049918,2.971430357,0.619105252,0.567455289,2.055532089
hfref_patient_01,0.322292,0.947513,0.288104,2.00519,2.1949,NA,NA,6.12542,3.39346,NA,9.00095,NA,7.65783,3.77068,NA,NA,34.3536,0.673117,6.35155,8.43824,8.46428,NA,NA,4.3936,NA,NA,NA,0.37591,0.328065,1.0868,2.80517,0.258069,1.41327,1.62087,16.3729,13.4119,NA,28.980801,20.970301,168.294998,NA,NA,45.653702,301.729004,5.57976,23.001499,58.2029,NA,NA,625.640991,NA,48.0513,23.062901,9.21271,1.01611,8.56351,NA,79.114197,NA,25.344601,12.1526,NA,316.739014,28.3009,106.860001,26.464899,NA,11.9747,NA,8.97694,22.4174,6.92488,71.322601,NA,0.662873,3.07224,3.72243,1.31709,17.006001,0.757935,NA,2.39151,0.061958,0.220463,4.24127,NA,9.45515,NA,NA,NA,1.64905,2.23113,0.095658,NA,7.20027,1.74617,NA,2.38751,1.31368,19.3209,1.32212,NA,0.466327,1.40111,NA,2.46187,3.96918,7.30459,14.8748,NA,NA,4.67621,5.6158,1.81481,NA,0.723152,3.65528,1.44105,6.387,NA,NA,NA,NA,1.29403,3.91875,1.18302,0.37355,NA,1.26971,NA,2.42033,24.806299,12.8316,6.20142,423.194,87.514801,3.18888,9.37149,735.445007,2363.290039,43.570599,NA,3.94527,NA,539.249023,26.6656,34.289299,7.24731,87.9524,11.1922,12.6872,6.49548,3.28472,7.19231,3.69951,10.7209,11.4639,36.688999,1413.319946,NA,NA,NA,NA,NA,NA,NA,NA,NA,3.4862,7.07379,4.91732,1.39433,2.17739,1.83918,NA,66.089699,61.767399,20.312401,3.74285,NA,2.46621,6.69032,3.9073,0.984401,234.770996,231.281006,72.117401,9.88318,NA,4.37079,5.05866,2.36556,17.1238,59.872299,57.758701,40.752399,16.5804,NA,0.774415,NA,1.28463,3.2845,15.6185,20.0791,13.9645,5.62409,1.13826,1.79795,2.87348
hfref_patient_02,NA,0.423609,NA,0.891717,0.892313,NA,NA,5.37951,2.74464,NA,8.14667,0.254831,5.28011,0.626504,2.01404,NA,44.804901,NA,7.63092,11.5287,14.1,NA,NA,5.41137,NA,1.14618,NA,0.597749,0.533392,1.21775,2.38393,NA,1.37261,NA,11.7846,9.87914,42.034599,22.5588,19.902901,123.172997,NA,1.45882,NA,277.540985,NA,17.177999,25.844801,NA,NA,440.665985,4.70003,33.767799,8.61189,2.24623,NA,5.58843,1.65261,33.6404,5.48754,10.6999,3.7352,NA,215.298004,19.024401,87.452301,13.9711,NA,NA,NA,8.37195,15.5782,5.12782,72.984497,NA,0.660284,3.0114,2.78128,0.426798,8.60936,NA,NA,2.32061,NA,0.183167,2.47441,NA,5.34288,NA,0.079304,0.071645,NA,2.44298,0.071941,0.783462,6.9087,1.48234,0.27986,1.28773,NA,12.6218,1.11957,0.198797,0.198889,0.58152,NA,2.69949,3.71306,7.60354,15.5994,0.773128,0.455535,NA,4.85678,NA,NA,NA,2.0155,NA,3.64204,NA,NA,NA,NA,NA,1.68446,0.513999,0.14087,NA,0.640642,NA,2.30127,18.116501,6.09831,3.3212,268.231995,85.515099,NA,7.50793,613.008972,1424.790039,23.3016,NA,NA,NA,376.669006,11.4533,29.933399,4.15153,64.243797,9.82829,14.6232,7.99876,NA,5.61061,3.34105,7.44792,9.86383,26.542801,988.14502,NA,NA,NA,NA,NA,NA,NA,NA,NA,3.9268,7.58512,3.98351,NA,1.77754,1.04405,NA,72.413498,58.334099,16.5527,2.53834,NA,2.26854,5.30477,2.83447,NA,225.647995,186.815994,50.428799,5.76111,NA,3.096,3.37912,1.47339,14.0837,51.704399,40.826401,25.9582,9.00929,NA,NA,NA,1.05478,1.47638,6.55866,8.31971,6.74312,2.81083,NA,NA,1.39721
hfref_patient_03,NA,0.559037,0.202549,1.08808,0.970576,NA,NA,1.98757,NA,NA,3.65372,NA,1.59965,1.86812,NA,NA,34.965199,1.08074,7.88878,8.75217,10.2651,NA,NA,2.86249,NA,NA,0.537368,0.49518,0.492641,1.21487,2.44897,NA,0.675163,2.93327,9.79611,10.1827,NA,29.2255,29.755899,141.376007,1.73087,2.29362,NA,201.576004,2.9101,21.440201,47.379601,NA,NA,343.558014,3.76739,NA,26.2568,6.69137,NA,6.11169,NA,34.6922,8.70123,19.3818,6.9985,NA,116.253998,17.700199,67.299797,22.110399,NA,14.2307,8.42132,NA,NA,NA,NA,NA,0.623814,1.60495,6.5341,1.75616,12.1616,NA,NA,2.05801,NA,0.344223,4.44036,NA,6.10276,NA,NA,NA,3.02546,NA,NA,1.18243,2.98794,0.864994,0.388999,3.62297,0.659168,13.6837,1.90425,0.319799,0.53472,2.61342,NA,1.62453,2.71539,4.12928,9.3725,1.38813,0.591033,NA,4.48324,NA,NA,1.16671,5.92322,2.12917,10.1245,NA,2.6669,7.03699,NA,2.88888,3.9832,2.53171,1.0486,1.08505,1.18781,NA,2.81449,19.8132,20.4107,5.18285,247.645004,108.738998,3.78592,8.53335,611.637024,1694.939941,77.670403,NA,NA,4.10839,261.109009,31.0389,13.9942,6.54544,47.4921,7.42114,6.20621,3.0671,0.909648,5.07416,1.82428,8.31368,8.481,20.681499,854.281006,NA,NA,NA,NA,1.14059,NA,NA,NA,NA,4.92128,10.1822,4.56357,NA,1.91692,1.07814,NA,43.807499,33.680801,9.71786,1.70327,NA,2.33688,3.909,1.4545,NA,107.536003,70.515404,18.217899,3.46754,NA,2.27561,2.34663,NA,14.1168,33.601501,21.216999,11.9637,4.53524,NA,NA,0.696054,0.879748,1.92169,5.08886,4.84647,4.35549,NA,NA,NA,NA
hfref_patient_04,0.342598,1.16557,0.279473,2.78142,2.26789,NA,NA,7.4538,5.45786,NA,14.8821,NA,14.0241,2.04229,4.84934,NA,48.282799,NA,9.36993,7.89813,9.35369,NA,NA,4.36452,NA,NA,0.521256,0.553804,0.798385,0.712141,1.9876,NA,0.945241,NA,19.585899,11.5494,NA,27.9953,29.1028,184.041,NA,NA,NA,327.09201,NA,18.9408,49.306801,NA,NA,686.150024,NA,49.105598,21.098499,10.8471,NA,7.31803,NA,63.586201,NA,21.0075,6.78546,NA,395.222992,39.186298,146.703995,26.437201,NA,31.564301,NA,6.5073,40.0322,NA,140.531998,35.911301,NA,3.5429,4.61359,NA,16.334,NA,3.13268,NA,NA,0.258346,2.9528,NA,9.23508,NA,NA,NA,2.39858,2.42735,NA,NA,5.69887,1.71221,NA,NA,NA,15.3191,1.77608,NA,NA,1.06754,6.76322,NA,1.55044,NA,14.484,NA,NA,NA,NA,NA,NA,NA,NA,1.7973,11.2415,NA,NA,NA,NA,2.07909,5.09458,2.05743,0.333966,NA,1.55884,NA,3.31439,37.201302,19.299999,7.49473,618.947998,156.257996,NA,14.0273,1321.98999,3760.860107,109.347,NA,6.52398,NA,1036.359985,123.608002,83.003601,7.00223,100.397003,13.9855,19.234501,9.93242,2.24927,11.0398,5.20759,19.995199,16.7362,51.1292,2178.560059,NA,NA,NA,NA,NA,NA,NA,NA,NA,6.07036,15.2547,9.06977,2.71632,2.95225,2.35933,NA,131.352997,130.113998,46.426998,8.37584,NA,4.01636,9.419,5.74525,1.72083,423.22699,459.062988,160.304993,24.981899,NA,5.17321,6.87176,3.30054,19.0653,76.228401,83.558502,63.5228,32.519299,7.12713,NA,NA,1.70155,2.78078,16.5965,31.537201,28.424101,11.6809,NA,2.75381,5.39271
hfref_patient_05,NA,1.31245,0.29245,3.11595,2.64286,NA,NA,4.72083,3.61289,NA,7.82112,NA,8.84043,1.40136,3.12684,NA,51.7374,0.842486,9.86175,9.14375,12.9024,NA,NA,4.20773,NA,0.941712,0.565,0.716174,0.680309,1.21391,2.53407,NA,1.48466,3.66068,23.3344,11.6443,NA,37.689999,28.509199,224.998001,NA,NA,NA,307.838989,3.94857,21.1626,58.0979,NA,115.000999,757.804016,NA,56.270599,27.6611,NA,1.53363,10.5354,4.38919,69.141197,NA,27.4748,6.75944,NA,271.009003,28.9513,117.189003,24.971901,NA,NA,NA,NA,27.8272,NA,124.935997,NA,NA,3.4625,4.31672,1.0795,15.1613,NA,NA,4.53165,NA,0.157205,6.63091,NA,13.102,NA,NA,NA,NA,NA,NA,NA,6.47172,2.11712,NA,2.38073,1.60122,16.979799,1.60083,NA,0.273067,2.03436,NA,NA,NA,3.70063,10.3891,NA,0.651161,NA,3.34464,NA,NA,1.91318,8.7258,2.23073,11.6501,NA,1.36055,7.02617,NA,1.88424,4.04703,1.98155,0.564321,1.17861,1.71134,NA,3.19015,32.9342,30.365,14.2752,632.664978,139.121994,10.6843,18.789301,1168.569946,4221.799805,89.249802,12.8607,11.5907,5.0686,742.927979,110.821999,74.1726,12.4985,124.352997,13.6426,18.67,7.54581,3.05035,11.0633,3.99683,16.957899,17.3263,52.281101,2163.879883,NA,NA,NA,NA,NA,NA,NA,NA,NA,4.82253,12.2645,6.96867,2.18269,3.00104,2.30788,NA,82.778503,71.963402,25.6523,5.12147,NA,2.8919,7.60516,5.0748,NA,215.255997,249.440994,86.951797,13.1241,NA,4.81472,5.44828,2.81689,15.4942,48.278099,47.5644,34.155998,20.754601,NA,NA,NA,1.51513,2.23363,12.4935,18.795401,24.874901,12.3888,NA,1.83776,6.77328
hfref_patient_06,0.353618,1.09277,0.344172,2.50931,1.87769,NA,NA,14.5373,4.1334,4.86045,28.312901,NA,19.5028,2.60476,5.15201,1.40735,54.666199,1.47415,10.9921,8.53844,8.50954,NA,NA,5.21921,NA,NA,NA,0.525661,0.733988,0.704705,2.50114,0.265009,1.37473,6.06087,19.4126,12.1007,25.74,48.704601,43.892502,170.126999,NA,5.9284,65.202301,375.783997,7.35058,25.2365,51.8564,NA,NA,509.834015,NA,74.711601,20.6938,15.4226,2.21487,12.4647,NA,116.962997,20.839899,49.1637,17.676001,NA,439.423004,69.776604,187.276993,41.345299,NA,63.655602,19.1033,11.4559,39.093498,14.0675,145.615005,47.9748,0.589294,3.32083,4.34973,1.19828,15.3415,NA,2.25454,2.39876,NA,0.120225,4.56738,NA,11.1672,NA,0.072527,0.072212,5.62433,NA,NA,NA,4.53298,1.27089,NA,1.53303,0.865842,13.6863,1.7676,NA,0.198495,0.866341,NA,2.84872,NA,NA,22.9266,2.02827,1.05934,NA,5.08125,NA,NA,NA,10.6656,1.01603,16.212999,0.498953,NA,10.2033,NA,2.33452,4.11942,2.3547,0.526817,NA,1.34023,NA,2.9168,39.310001,46.375099,16.537901,625.710999,164.427994,12.1501,22.6257,1250.459961,2916.120117,118.832001,NA,8.34467,NA,973.458008,168.738998,72.481598,9.70305,84.964798,11.4697,16.440399,8.44477,NA,10.7408,4.31034,13.755,15.759,39.779301,2013.910034,NA,NA,NA,NA,6.52283,11.4991,5.38239,1.46778,NA,14.27,62.910198,37.867401,10.8478,14.9043,10.5759,NA,152.843994,211.949005,82.906197,19.220501,4.15131,13.3072,31.3013,15.6608,5.08798,691.338989,492.85199,167.684006,38.037701,7.5391,15.7068,16.5123,7.6243,48.751598,131.576996,107.316002,78.919701,44.461498,13.2517,1.79744,1.68626,2.78596,6.85862,28.938101,44.9174,40.5765,17.633499,2.21147,6.22252,8.53456
hfref_patient_07,NA,0.827961,0.232212,1.80747,1.80614,NA,NA,3.78319,2.89069,NA,11.5178,NA,8.92484,3.99436,NA,1.2164,54.535999,1.5167,12.4904,13.6746,16.194599,NA,0.935946,5.62951,0.708697,1.53517,0.464929,0.660571,0.621344,1.08729,2.43937,0.168778,1.59657,3.23657,12.8835,9.71225,40.286499,28.841801,32.375599,162.766998,NA,3.19842,NA,260.14801,7.62052,21.018299,48.488201,NA,NA,419.740997,10.3238,47.083698,14.4983,NA,1.08109,9.28424,NA,82.560204,15.1733,44.003799,12.6188,NA,233.138,34.860401,135.688995,23.977301,NA,29.4144,11.3877,9.0919,23.6618,10.7858,136.632004,53.043598,1.03514,2.64594,4.29916,1.30598,13.4763,NA,NA,1.69327,NA,0.414485,3.01408,NA,6.6289,NA,NA,0.10168,2.65003,0.98517,NA,NA,5.33936,1.41644,NA,2.0761,1.40441,15.5731,1.31928,NA,0.180797,0.994491,NA,NA,1.43565,2.57246,8.45173,NA,NA,NA,2.82898,NA,NA,NA,7.75707,1.4798,11.3024,0.531662,1.39443,6.94625,NA,1.25044,2.98527,1.27088,0.24223,NA,1.0122,0.528027,1.90921,23.810499,29.503799,9.71008,386.634003,139.574997,5.68458,15.8658,900.994019,2038.380005,70.9655,NA,NA,NA,565.252014,87.123596,70.2892,6.85256,70.7537,9.4664,15.7741,8.13253,NA,8.29362,3.81858,9.27477,10.877,31.897499,1320.540039,NA,NA,NA,NA,1.82838,NA,2.64223,NA,NA,3.07976,20.052601,16.4783,5.91805,3.89533,4.02006,NA,59.348,94.826897,46.0924,11.9154,2.08716,3.93568,14.8524,8.31122,2.62993,314.553009,292.268005,106.975998,23.278,4.43646,7.53679,9.76885,4.51751,21.889999,88.0746,79.291496,47.487202,23.3585,8.19602,1.12543,NA,3.29096,4.26538,10.825,20.496099,25.427099,11.9071,1.18555,2.85304,5.974
hfref_patient_08,NA,0.996096,0.225431,2.89268,2.20761,NA,NA,8.57545,3.66436,3.95812,23.0151,NA,16.5142,2.47215,5.02793,0.590079,47.3559,1.27382,8.74723,9.25731,12.4149,NA,NA,5.64724,NA,0.828974,0.514477,0.606005,0.600039,0.985828,2.27946,NA,0.965433,2.23421,14.2429,16.343,48.541199,31.561399,27.468599,197.061996,NA,NA,NA,335.739014,6.20375,26.3015,52.047401,NA,NA,604.103027,5.65453,45.685101,18.828501,8.90661,NA,8.99687,NA,91.9478,NA,28.0233,13.0266,NA,456.140015,40.2075,164.438004,39.780399,10.3177,22.5874,NA,12.6633,25.241199,8.20796,86.582703,25.205,0.746158,3.22613,2.75591,NA,11.5171,NA,NA,1.29808,0.099291,0.11126,2.90108,NA,6.3348,NA,NA,0.127533,1.76469,1.32913,NA,NA,2.44767,1.36921,NA,NA,NA,14.5469,0.962593,NA,NA,NA,NA,2.29358,NA,8.71903,24.2474,1.67138,1.03687,6.43834,6.49547,NA,NA,NA,5.22472,1.13384,7.66959,NA,NA,5.46708,NA,1.34995,4.56725,1.68901,0.386939,NA,1.34139,NA,3.163,29.9014,16.1024,7.71258,425.412994,123.235001,10.4497,11.0159,888.585999,2468.51001,76.841103,NA,NA,NA,806.508972,44.5275,43.267502,5.31554,69.205498,9.72413,12.9231,6.39601,NA,8.0935,2.9857,15.0222,11.5053,36.980202,1620.959961,NA,NA,NA,NA,5.17586,NA,3.92524,NA,NA,12.8943,49.076199,29.863899,8.61406,11.8269,7.73571,2.095,170.294998,239.789993,96.380402,19.763399,NA,11.0288,28.4158,16.0411,3.94324,867.474976,700.564026,228.632996,44.636299,5.98789,19.3263,17.5257,8.05672,48.524502,170.302994,153.391006,104.958,44.122101,9.9112,1.87112,1.6152,3.20764,7.51595,28.4827,51.480999,32.717499,13.118,2.72793,5.46966,6.20321
hfref_patient_09,0.659064,2.56155,0.834508,5.77245,5.2647,14.0723,11.7758,48.257301,13.3941,17.4098,77.902199,5.89681,49.647099,5.76962,12.3255,2.14361,98.440804,3.38926,25.8181,22.650299,30.5907,NA,1.99469,8.12793,1.12595,1.30468,0.545424,1.19896,1.47907,2.18354,2.85277,0.375709,1.00377,14.604,40.3479,51.740002,48.041801,65.5998,95.920502,585.254028,4.71267,13.9514,86.234299,760.29303,28.3657,67.814201,181.322998,31.391001,NA,1383.839966,22.950899,144.328995,84.857697,17.690201,NA,27.471201,10.4017,198.630997,29.2983,86.233597,32.105499,NA,575.901978,63.640598,225.595993,64.769402,NA,91.662399,24.6015,19.9858,94.958298,29.161301,169.761002,NA,1.48817,3.19764,5.13775,NA,15.33,NA,4.23205,3.08749,NA,0.310318,8.79521,NA,16.195801,NA,NA,0.145374,5.96776,NA,0.089879,NA,7.95518,1.674,NA,NA,0.961729,18.076799,1.95696,NA,NA,5.18499,9.1893,5.84191,7.1175,13.1879,33.305801,4.29569,3.50004,12.2206,17.4419,6.87973,NA,3.11021,17.534,4.48373,21.4408,0.553556,3.86113,17.869101,NA,4.38513,7.11845,4.46276,1.4488,NA,2.76022,0.742112,5.64497,63.1861,104.839996,16.7348,1009.880005,636.843994,NA,35.4161,2452.25,6365.680176,308.756989,33.735001,15.3935,NA,1188.719971,291.907013,81.011703,14.2386,114.014999,18.0165,24.165001,12.1945,1.77833,13.8732,6.2581,20.441299,19.0513,50.569199,3966.530029,4.2575,12.7498,19.9496,NA,39.7887,70.198799,29.804701,8.06666,12.8167,82.083801,272.183014,181.332001,47.239399,55.642601,33.119099,9.36528,581.348022,765.320007,292.343994,64.502403,12.9381,44.951401,81.963303,39.179901,10.7017,1908.810059,1286.900024,399.347992,94.113998,18.782,42.053398,41.698101,17.6633,178.365005,408.210999,320.024994,189.248001,98.211502,28.203699,5.10528,10.6622,17.2981,25.1113,70.010498,125.519997,87.646301,25.9778,7.12113,14.7151,14.3493
hfref_patient_10,0.362813,1.53676,0.338012,3.24314,2.11599,3.40301,NA,13.1621,2.48754,5.54451,15.8027,NA,7.13065,NA,4.74409,2.59165,72.558601,4.67091,13.5711,18.9091,22.863199,0.810607,2.11947,6.64668,0.658381,0.735978,0.457018,0.763028,0.924682,2.08422,3.28273,0.347602,0.752223,10.8373,20.9387,54.9086,85.047203,41.521,97.054901,255.291,7.40945,12.6036,NA,541.560974,16.658001,35.467201,77.660202,NA,NA,660.958008,NA,64.027603,38.547901,29.091299,NA,NA,4.88081,151.570999,NA,76.874298,19.0546,7.12461,349.934998,NA,147.800003,34.795601,NA,44.626801,NA,13.4345,32.726002,18.0588,71.003799,NA,1.80271,2.41883,5.01375,2.58836,16.528,NA,NA,1.65721,0.048634,0.427411,6.10968,NA,10.8112,NA,0.1172,0.107745,1.63522,1.39239,0.070131,NA,5.53404,1.14728,NA,2.96695,1.10005,16.462,1.3451,NA,0.550303,1.67851,NA,2.77062,NA,6.51274,16.341999,3.58138,2.18109,NA,9.33493,NA,NA,2.33646,11.6599,3.14491,18.5331,NA,3.96627,NA,NA,3.12562,3.22718,4.73523,0.964875,NA,1.94142,NA,6.13607,32.987999,73.008202,11.9618,567.437988,521.757996,7.85653,39.505199,1377.140015,2356.620117,218.119003,NA,6.22643,NA,566.200012,94.170898,28.1187,8.78322,65.139801,6.82334,10.0533,3.74605,NA,7.93208,2.26389,11.5539,10.6531,23.635799,1745.579956,5.41728,15.5765,15.5752,NA,31.2111,53.323601,23.0627,3.90824,6.2118,63.423302,163.410995,102.703003,24.0201,18.1891,12.2479,2.56089,285.613007,329.769012,94.526199,22.554001,5.04917,17.4016,29.7714,10.8825,NA,610.288025,304.527008,96.528801,25.862101,5.64926,12.5411,10.3671,4.54739,120.749001,152.479996,100.063004,60.929199,24.5338,6.33806,1.76638,7.81003,5.7628,10.7619,20.5672,24.063801,14.4907,NA,3.49383,3.34488,NA
hfref_patient_11,0.351027,1.03558,0.358044,2.71725,2.36991,NA,NA,5.01896,4.23664,NA,8.75003,NA,9.79977,5.05513,NA,NA,57.358898,1.20078,13.9283,13.4849,22.964701,NA,0.69905,4.94602,NA,1.05941,0.486598,0.547478,0.67066,1.99363,2.29891,NA,1.17902,2.47414,17.948999,11.4362,NA,36.6595,36.792599,278.817993,NA,NA,NA,342.626007,7.90265,30.9433,84.0924,NA,NA,724.939026,6.88461,62.743198,48.067699,3.83329,NA,10.4832,5.14687,60.282398,NA,29.327801,9.52758,NA,185.561996,21.763201,95.283997,26.926701,NA,NA,NA,9.88423,22.8055,NA,79.806801,NA,NA,3.38968,5.78309,1.38974,9.38746,NA,NA,3.62047,NA,0.407256,8.47404,NA,9.41905,NA,0.105391,NA,NA,3.89913,NA,1.16433,5.89344,2.17862,0.267113,4.08668,0.926739,19.433399,2.12024,0.344843,1.06402,5.41635,4.81825,0.878229,2.91143,NA,10.757,NA,NA,NA,5.30613,NA,NA,1.50663,NA,2.59824,8.67908,NA,NA,NA,NA,1.9469,5.98924,1.9627,1.15389,1.26708,2.09979,NA,NA,33.0541,21.3169,8.93512,527.635986,134.384995,6.89979,13.9267,1265.73999,4035.699951,91.602898,NA,NA,8.96065,631.189026,66.0998,53.518002,7.45097,89.7799,11.1425,14.5025,6.89971,3.08613,9.90247,4.22736,13.5082,14.2677,41.770199,2044.400024,NA,NA,NA,NA,NA,NA,NA,NA,NA,3.18967,8.23784,6.29634,NA,1.80793,NA,NA,64.747498,60.842899,22.0273,4.84931,NA,2.50589,5.06524,3.78938,1.27358,193.223007,266.622009,102.077003,12.7481,NA,5.31131,5.00972,2.872,17.2222,62.996601,77.807098,50.826698,18.9396,3.42091,NA,NA,1.23487,3.1704,10.9998,16.489799,11.5364,5.20794,NA,1.44267,NA
hfref_patient_12,0.434214,1.35667,0.434535,3.36352,3.11386,NA,NA,13.0967,7.84902,NA,27.415501,NA,15.28,6.5011,NA,1.58505,76.471001,2.67658,12.3443,19.5751,22.462799,0.631007,2.82952,8.85637,0.748156,1.01433,0.634184,0.883932,0.901357,2.29048,3.42164,0.349718,1.27574,5.74517,18.227699,31.2155,84.707703,43.940601,47.1171,203.854996,NA,7.41775,NA,562.385986,14.4203,36.9645,74.213402,6.52943,NA,650.255981,6.05387,54.352001,20.6012,17.2875,NA,16.038099,NA,153.789001,NA,58.701698,22.386801,NA,381.518005,32.793999,115.210999,32.1026,11.2771,36.0229,6.17407,10.465,39.7173,12.0159,69.856003,NA,1.52528,2.44652,3.57956,1.90291,13.4512,NA,NA,1.80183,NA,0.167778,4.47885,NA,6.9882,NA,NA,0.084436,1.79139,0.833892,NA,NA,5.06341,1.07154,NA,1.49152,1.08003,13.8064,1.30766,NA,0.342232,1.10036,NA,2.4959,4.09123,7.9036,18.782101,NA,0.750562,NA,7.08599,NA,NA,1.16776,6.57743,1.56759,9.28477,NA,NA,6.90443,NA,2.03096,4.46531,2.56985,0.607129,NA,2.23603,NA,3.33269,20.4683,42.6245,13.9977,548.705017,279.403015,12.482,25.6838,1465.51001,2894.870117,183.781998,NA,NA,NA,720.130981,83.091003,41.202301,7.2593,83.905296,12.2805,19.457001,10.2099,NA,9.96243,5.23342,13.3143,13.3455,38.771301,2153.100098,5.89105,NA,NA,NA,22.3573,35.159698,14.2583,3.77037,6.17413,36.499199,116.862,74.315697,19.494699,22.1493,13.5141,3.45755,242.944,337.641998,122.151001,28.217501,5.98426,19.252501,43.966702,18.894501,4.5777,1135.660034,664.72998,208.459,46.443001,NA,21.879299,22.200701,10.0234,72.1064,214.244003,166.317001,106.925003,49.982899,11.647,2.14021,1.98508,7.06432,10.1135,25.0786,48.770599,32.910301,11.6968,5.20905,6.45502,6.50965
hfref_patient_13,NA,0.707666,0.202332,1.53757,1.25621,NA,NA,6.68737,3.21869,2.1719,9.47439,NA,7.7618,4.52344,NA,1.1026,67.435402,2.44017,12.5173,18.518299,32.414902,0.723094,1.43811,6.40086,0.883814,1.32167,0.462775,1.05563,1.06096,3.50457,2.98839,0.355414,1.28843,3.53162,14.3186,13.2834,36.6735,26.8815,31.1029,179.470001,NA,2.95443,NA,251.153,7.6247,23.6136,59.739399,NA,NA,503.987,6.2642,36.501499,20.975401,9.61687,2.09161,8.18305,3.82232,45.0457,NA,22.251101,3.90105,NA,102.209999,11.0724,46.487202,12.1009,NA,15.9889,NA,6.60556,20.9788,NA,39.473499,NA,0.712509,2.87131,3.70701,0.624463,9.05902,NA,NA,2.8941,0.094911,0.315281,3.4652,NA,5.28571,NA,0.063773,0.066571,2.77401,NA,NA,1.61629,4.90217,1.57732,0.341674,2.05953,1.35604,12.4637,1.16152,0.503302,0.262419,1.90816,NA,1.80434,3.36376,3.99623,10.5029,NA,1.76728,2.25609,6.07969,2.44573,0.494505,NA,4.75243,NA,6.65123,NA,NA,NA,NA,2.0831,4.26449,2.26018,0.507997,0.9954,1.90628,NA,3.17456,19.2668,18.990801,4.94203,303.90799,169.848007,4.57655,10.6791,787.158997,2240.040039,79.904297,NA,4.75473,5.51156,238.761002,27.0935,18.6432,5.56071,60.365601,9.71961,8.81415,4.63762,1.1937,5.34326,2.77155,8.4718,10.223,27.252001,1344.640015,NA,NA,NA,NA,1.32217,NA,NA,NA,NA,7.31636,17.4641,12.1608,4.88326,2.41004,NA,NA,77.212196,81.438698,33.640701,8.13282,NA,3.21344,5.85836,3.89383,NA,188.244003,193.600006,75.222099,16.4228,2.81036,3.60014,5.05981,2.89993,31.3848,82.417999,79.962196,43.918499,20.180201,5.37187,0.965362,2.35545,5.02056,5.53682,9.73096,13.5659,11.171,5.58786,1.50456,1.30856,3.70068
